city,cityLink
保定,//bd.fang.lianjia.com/loupan/pg1/?_t=1
包头,//baotou.fang.lianjia.com/loupan/pg1/?_t=1
巴彦淖尔,//byne.fang.lianjia.com/loupan/pg1/?_t=1
北海,//bh.fang.lianjia.com/loupan/pg1/?_t=1
北京,//bj.fang.lianjia.com/loupan/pg1/?_t=1
长春,//cc.fang.lianjia.com/loupan/pg1/?_t=1
长沙,//cs.fang.lianjia.com/loupan/pg1/?_t=1
澄迈,//cm.fang.lianjia.com/loupan/pg1/?_t=1
重庆,//cq.fang.lianjia.com/loupan/pg1/?_t=1
成都,//cd.fang.lianjia.com/loupan/pg1/?_t=1
大连,//dl.fang.lianjia.com/loupan/pg1/?_t=1
东莞,//dg.fang.lianjia.com/loupan/pg1/?_t=1
儋州,//dz.fang.lianjia.com/loupan/pg1/?_t=1
德阳,//dy.fang.lianjia.com/loupan/pg1/?_t=1
达州,//dazhou.fang.lianjia.com/loupan/pg1/?_t=1
大理,//dali.fang.lianjia.com/loupan/pg1/?_t=1
鄂州,//ez.fang.lianjia.com/loupan/pg1/?_t=1
佛山,//fs.fang.lianjia.com/loupan/pg1/?_t=1
防城港,//fcg.fang.lianjia.com/loupan/pg1/?_t=1
广州,//gz.fang.lianjia.com/loupan/pg1/?_t=1
桂林,//gl.fang.lianjia.com/loupan/pg1/?_t=1
贵阳,//gy.fang.lianjia.com/loupan/pg1/?_t=1
呼和浩特,//hhht.fang.lianjia.com/loupan/pg1/?_t=1
杭州,//hz.fang.lianjia.com/loupan/pg1/?_t=1
湖州,//huzhou.fang.lianjia.com/loupan/pg1/?_t=1
合肥,//hf.fang.lianjia.com/loupan/pg1/?_t=1
黄石,//huangshi.fang.lianjia.com/loupan/pg1/?_t=1
惠州,//hui.fang.lianjia.com/loupan/pg1/?_t=1
海口,//hk.fang.lianjia.com/loupan/pg1/?_t=1
晋中,//jz.fang.lianjia.com/loupan/pg1/?_t=1
嘉兴,//jx.fang.lianjia.com/loupan/pg1/?_t=1
济南,//jn.fang.lianjia.com/loupan/pg1/?_t=1
济源,//jiyuan.fang.lianjia.com/loupan/pg1/?_t=1
昆明,//km.fang.lianjia.com/loupan/pg1/?_t=1
廊坊,//lf.fang.lianjia.com/loupan/pg1/?_t=1
乐东,//ld.fang.lianjia.com/loupan/pg1/?_t=1
陵水,//ls.fang.lianjia.com/loupan/pg1/?_t=1
乐山,//leshan.fang.lianjia.com/loupan/pg1/?_t=1
眉山,//ms.fang.lianjia.com/loupan/pg1/?_t=1
南京,//nj.fang.lianjia.com/loupan/pg1/?_t=1
南通,//nt.fang.lianjia.com/loupan/pg1/?_t=1
宁波,//nb.fang.lianjia.com/loupan/pg1/?_t=1
南昌,//nc.fang.lianjia.com/loupan/pg1/?_t=1
南宁,//nn.fang.lianjia.com/loupan/pg1/?_t=1
南充,//nanchong.fang.lianjia.com/loupan/pg1/?_t=1
秦皇岛,//qhd.fang.lianjia.com/loupan/pg1/?_t=1
泉州,//quanzhou.fang.lianjia.com/loupan/pg1/?_t=1
青岛,//qd.fang.lianjia.com/loupan/pg1/?_t=1
清远,//qy.fang.lianjia.com/loupan/pg1/?_t=1
黔西南,//qxn.fang.lianjia.com/loupan/pg1/?_t=1
石家庄,//sjz.fang.lianjia.com/loupan/pg1/?_t=1
沈阳,//sy.fang.lianjia.com/loupan/pg1/?_t=1
上海,//sh.fang.lianjia.com/loupan/pg1/?_t=1
苏州,//su.fang.lianjia.com/loupan/pg1/?_t=1
绍兴,//sx.fang.lianjia.com/loupan/pg1/?_t=1
三门峡,//smx.fang.lianjia.com/loupan/pg1/?_t=1
深圳,//sz.fang.lianjia.com/loupan/pg1/?_t=1
三亚,//san.fang.lianjia.com/loupan/pg1/?_t=1
天津,//tj.fang.lianjia.com/loupan/pg1/?_t=1
太原,//ty.fang.lianjia.com/loupan/pg1/?_t=1
无锡,//wx.fang.lianjia.com/loupan/pg1/?_t=1
威海,//weihai.fang.lianjia.com/loupan/pg1/?_t=1
武汉,//wh.fang.lianjia.com/loupan/pg1/?_t=1
五指山,//wzs.fang.lianjia.com/loupan/pg1/?_t=1
万宁,//wn.fang.lianjia.com/loupan/pg1/?_t=1
徐州,//xz.fang.lianjia.com/loupan/pg1/?_t=1
厦门,//xm.fang.lianjia.com/loupan/pg1/?_t=1
新乡,//xinxiang.fang.lianjia.com/loupan/pg1/?_t=1
襄阳,//xy.fang.lianjia.com/loupan/pg1/?_t=1
西双版纳,//xsbn.fang.lianjia.com/loupan/pg1/?_t=1
西安,//xa.fang.lianjia.com/loupan/pg1/?_t=1
咸阳,//xianyang.fang.lianjia.com/loupan/pg1/?_t=1
烟台,//yt.fang.lianjia.com/loupan/pg1/?_t=1
宜昌,//yichang.fang.lianjia.com/loupan/pg1/?_t=1
张家口,//zjk.fang.lianjia.com/loupan/pg1/?_t=1
镇江,//zj.fang.lianjia.com/loupan/pg1/?_t=1
漳州,//zhangzhou.fang.lianjia.com/loupan/pg1/?_t=1
郑州,//zz.fang.lianjia.com/loupan/pg1/?_t=1
珠海,//zh.fang.lianjia.com/loupan/pg1/?_t=1
中山,//zs.fang.lianjia.com/loupan/pg1/?_t=1
